Группа;Запрос;Сумма за 24 мес;Среднее в месяц;октябрь 2024;ноябрь 2024;декабрь 2024;январь 2025;февраль 2025;март 2025;апрель 2025;май 2025;июнь 2025;июль 2025;август 2025;сентябрь 2025;октябрь 2025;ноябрь 2025;декабрь 2025;январь 2026;февраль 2026;март 2026;апрель 2026;май 2026;июнь 2026;июль 2026;август 2026;сентябрь 2026
Площадь комнаты;калькулятор площади комнаты;155220;6468;7331;7683;6735;7004;6450;6916;6258;6025;6825;7403;7055;6895;7356;7430;5852;6004;4858;5871;5731;5416;6054;6430;6172;5466
Площадь комнаты;калькулятор квадратных метров;597188;24883;30468;28858;23923;25217;26037;27889;29349;27720;28560;30528;28340;27124;27362;24327;19867;17820;17717;21585;24414;22647;24187;23156;20782;19311
Площадь комнаты;как посчитать площадь комнаты;145339;6056;6118;6718;5667;5554;5675;5909;5747;5579;6264;7076;6900;6739;7260;7274;5947;5324;5008;5797;5948;5481;5831;5944;5786;5793
Площадь стен;калькулятор площади стен;159019;6626;7124;7205;6161;6735;6753;7655;7286;7457;7739;8036;7638;7211;7040;6532;5189;5395;4938;6069;6511;5851;6548;6593;5996;5357
Площадь стен;как посчитать площадь стен;132093;5504;5045;5578;4770;5128;5318;5793;5937;5662;5993;6301;6077;5902;5987;5659;4752;4432;4318;5262;5840;5255;5940;5945;5523;5676
Обои;калькулятор обоев;509639;21235;21616;23624;19539;20784;19415;20839;18555;18890;22175;25189;24834;21769;25252;25923;19793;19579;17029;19826;19598;18272;21770;24077;22285;19006
Обои;сколько нужно обоев на комнату;207918;8663;8623;9154;7447;8141;7738;8005;7212;7335;8164;9311;9837;8858;10142;10583;8263;7811;6944;7883;8449;7727;8927;10982;10571;9811
Обои;расчет обоев на комнату;78380;3266;3262;3554;3131;3223;2902;3288;2812;2810;3331;3791;3781;3432;3876;4149;3054;3507;2848;3254;3056;2647;3302;3335;3242;2793
Обои;сколько рулонов обоев нужно;192884;8037;7581;8276;7104;7007;7681;6478;6670;7075;7647;7395;7507;9928;9888;9414;8068;7283;7351;7037;8021;7820;8691;9621;9510;9831
Краска;калькулятор краски;137214;5717;5978;5780;5355;4852;6012;6553;7139;6467;7255;7699;6645;6241;5880;5022;4345;6557;3760;4933;5574;5260;5745;5284;4678;4200
Краска;расход краски на 1 м2;110540;4606;4878;4525;3755;3611;4403;5278;5687;5071;5400;5657;4977;4719;4672;3918;3637;4332;3200;4482;5266;4695;4959;4839;4409;4170
Краска;сколько нужно краски на стены;29228;1218;1091;1004;918;986;1072;994;1018;1019;1140;1098;1064;2676;1670;1194;1165;1215;1263;1105;995;1058;1078;1079;1075;2251
Ламинат;калькулятор ламината;159349;6640;7353;8297;7092;7451;6716;7180;6624;6260;6927;7715;7416;6875;7360;7693;6757;5642;5000;5874;5726;5615;5858;6262;6197;5459
Ламинат;расчет ламината на комнату;16017;667;725;762;755;820;715;661;571;644;670;685;682;601;917;779;727;535;538;659;598;578;523;659;603;610
Ламинат;сколько нужно ламината;96654;4027;4089;4174;3563;3952;3790;3681;3561;3516;3704;4419;4205;4115;4928;4448;3751;3427;3298;3766;3769;3424;4087;4935;5131;4921
Ламинат;сколько пачек ламината нужно;0;0;0;0;0;0;0;0;0;0;0;0;0;0;0;0;0;0;0;0;0;0;0;0;0;0
Линолеум;калькулятор линолеума;59471;2478;2973;2995;2421;2583;2406;2733;2579;2752;2979;3140;2820;2587;2807;2666;2199;1934;1703;2119;2095;2038;2333;2290;2246;2073
Линолеум;сколько нужно линолеума на комнату;15660;652;778;710;609;661;715;664;642;664;692;783;690;643;677;671;512;561;457;586;597;546;607;721;729;745
Плинтус;калькулятор плинтуса;14283;595;672;625;620;629;616;703;579;608;687;735;666;631;693;633;510;483;511;568;503;458;575;531;581;466
Плинтус;сколько нужно плинтуса;37626;1568;2061;1668;1331;1303;1221;1227;1073;1193;1131;1409;1247;1577;3123;2156;1525;1460;1355;1316;1375;1254;1466;1862;2022;2271
Плитка;калькулятор плитки;409245;17052;17918;18043;15439;17317;17584;19370;18915;18653;20247;21975;20036;17870;18348;17582;14087;13035;12972;15730;17267;15549;16406;16176;15003;13723
Плитка;расчет плитки для ванной;27956;1165;1352;1364;1194;1406;1348;1403;1312;1130;1197;1224;1165;1199;1372;1422;1025;1283;1149;1088;1045;866;855;905;887;765
Плитка;сколько нужно плитки;430045;17919;13939;15350;15889;16835;15711;16785;19137;18495;16655;16744;16472;16607;20901;16855;17319;15525;14384;18180;20808;21823;21063;21231;21632;21705
Плитка;калькулятор плитки на пол;64555;2690;2663;2752;2373;2774;2665;3055;3002;3004;3060;3446;3159;2644;3047;3004;2281;2141;2086;2513;2750;2318;2580;2544;2377;2317
Плиточный клей;расход плиточного клея на 1 м2;33123;1380;1183;1144;1112;1058;1432;1497;1374;1288;1545;1560;1425;1538;1543;1445;1310;943;1193;1431;1590;1274;1475;1596;1618;1549
Плиточный клей;калькулятор плиточного клея;35586;1483;1651;1706;1602;1461;1777;1860;1844;1689;1724;2002;1775;1605;1640;1372;1290;1032;1041;1320;1333;1158;1350;1294;1094;966
Затирка;расход затирки на 1 м2;26433;1101;1147;1217;1126;1084;1304;1284;1192;1090;1198;1306;1264;1208;1217;1016;1011;725;846;1142;1193;931;971;1069;950;942
Затирка;калькулятор затирки;112361;4682;4525;4685;4265;3917;4522;5196;4840;4501;5158;5754;5318;5232;5140;4632;4346;3065;3858;4929;5051;4457;4776;4996;4661;4537
Планировщик и общие;калькулятор ремонта квартиры;46007;1917;1729;2061;3859;2249;1840;1358;1601;1752;2216;3949;4207;1961;2112;2154;1399;1529;1416;1579;1434;1145;1122;1101;1195;1039
Планировщик и общие;калькулятор ремонта комнаты;3183;133;158;214;156;142;148;129;114;133;143;160;192;132;129;128;85;141;89;109;100;108;131;113;113;116
Планировщик и общие;рассчитать стоимость ремонта квартиры;12965;540;520;624;1132;595;603;565;517;590;588;872;882;522;571;522;378;437;388;463;360;337;348;317;369;465
Планировщик и общие;смета на ремонт квартиры;64992;2708;2913;3398;3377;3239;3076;3128;2781;2456;2642;3009;3239;2930;3033;2811;2101;2258;2195;2621;2676;2269;2012;2354;2112;2362
Планировщик и общие;строительный калькулятор;303543;12648;15388;13208;11185;11972;12601;14054;14229;14749;14883;14921;13824;12998;12247;10282;7836;8719;9296;11731;14503;14381;14357;13204;12146;10829
Планировщик и общие;калькулятор стройматериалов;12656;527;523;480;489;570;623;789;639;692;644;618;590;441;424;355;299;320;393;536;584;561;707;556;461;362
